source_url,text
https://quotes.toscrape.com,“The world as we have created it is a process of our thinking. It cannot be changed without changing our thinking.”
https://quotes.toscrape.com,"“It is our choices, Harry, that show what we truly are, far more than our abilities.”"
https://quotes.toscrape.com,“There are only two ways to live your life. One is as though nothing is a miracle. The other is as though everything is a miracle.”
https://quotes.toscrape.com,"“The person, be it gentleman or lady, who has not pleasure in a good novel, must be intolerably stupid.”"
https://quotes.toscrape.com,"“Imperfection is beauty, madness is genius and it's better to be absolutely ridiculous than absolutely boring.”"
https://quotes.toscrape.com,“Try not to become a man of success. Rather become a man of value.”
https://quotes.toscrape.com,“It is better to be hated for what you are than to be loved for what you are not.”
https://quotes.toscrape.com,"“I have not failed. I've just found 10,000 ways that won't work.”"
https://quotes.toscrape.com,“A woman is like a tea bag; you never know how strong it is until it's in hot water.”
https://quotes.toscrape.com,"“A day without sunshine is like, you know, night.”"
https://quotes.toscrape.com/tag/humor/,"“The person, be it gentleman or lady, who has not pleasure in a good novel, must be intolerably stupid.”"
https://quotes.toscrape.com/tag/humor/,"“A day without sunshine is like, you know, night.”"
https://quotes.toscrape.com/tag/humor/,“Anyone who thinks sitting in church can make you a Christian must also think that sitting in a garage can make you a car.”
https://quotes.toscrape.com/tag/humor/,“Beauty is in the eye of the beholder and it may be necessary from time to time to give a stupid or misinformed beholder a black eye.”
https://quotes.toscrape.com/tag/humor/,“All you need is love. But a little chocolate now and then doesn't hurt.”
https://quotes.toscrape.com/tag/humor/,"“Remember, we're madly in love, so it's all right to kiss me anytime you feel like it.”"
https://quotes.toscrape.com/tag/humor/,“Some people never go crazy. What truly horrible lives they must lead.”
https://quotes.toscrape.com/tag/humor/,"“The trouble with having an open mind, of course, is that people will insist on coming along and trying to put things in it.”"
https://quotes.toscrape.com/tag/humor/,"“Think left and think right and think low and think high. Oh, the thinks you can think up if only you try!”"
https://quotes.toscrape.com/tag/humor/,“The reason I talk to myself is because I’m the only one whose answers I accept.”
http://books.toscrape.com,Â£51.77
http://books.toscrape.com,In stock
http://books.toscrape.com,Â£53.74
http://books.toscrape.com,In stock
http://books.toscrape.com,Â£50.10
http://books.toscrape.com,In stock
http://books.toscrape.com,Â£47.82
http://books.toscrape.com,In stock
http://books.toscrape.com,Â£54.23
http://books.toscrape.com,In stock
http://books.toscrape.com,Â£22.65
http://books.toscrape.com,In stock
http://books.toscrape.com,Â£33.34
http://books.toscrape.com,In stock
http://books.toscrape.com,Â£17.93
http://books.toscrape.com,In stock
http://books.toscrape.com,Â£22.60
http://books.toscrape.com,In stock
http://books.toscrape.com,Â£52.15
http://books.toscrape.com,In stock
http://books.toscrape.com,Â£13.99
http://books.toscrape.com,In stock
http://books.toscrape.com,Â£20.66
http://books.toscrape.com,In stock
http://books.toscrape.com,Â£17.46
http://books.toscrape.com,In stock
http://books.toscrape.com,Â£52.29
http://books.toscrape.com,In stock
http://books.toscrape.com,Â£35.02
http://books.toscrape.com,In stock
http://books.toscrape.com,Â£57.25
http://books.toscrape.com,In stock
http://books.toscrape.com,Â£23.88
http://books.toscrape.com,In stock
http://books.toscrape.com,Â£37.59
http://books.toscrape.com,In stock
http://books.toscrape.com,Â£51.33
http://books.toscrape.com,In stock
http://books.toscrape.com,Â£45.17
http://books.toscrape.com,In stock
https://pythonscraping.com/pages/page3.html,"We haven't figured out how to make online shopping carts yet, but you can send us a check to:123 Main St.Abuja, Nigeria
We will then send your totally amazing gift, pronto! Please include an extra $5.00 for gift wrapping."
https://quotes.toscrape.com/scroll,Login
https://quotes.toscrape.com/scroll,Quotes by:GoodReads.com
https://quotes.toscrape.com/scroll,Made with❤byZyte
https://books.toscrape.com/catalogue/page-1.html,Â£51.77
https://books.toscrape.com/catalogue/page-1.html,In stock
https://books.toscrape.com/catalogue/page-1.html,Â£53.74
https://books.toscrape.com/catalogue/page-1.html,In stock
https://books.toscrape.com/catalogue/page-1.html,Â£50.10
https://books.toscrape.com/catalogue/page-1.html,In stock
https://books.toscrape.com/catalogue/page-1.html,Â£47.82
https://books.toscrape.com/catalogue/page-1.html,In stock
https://books.toscrape.com/catalogue/page-1.html,Â£54.23
https://books.toscrape.com/catalogue/page-1.html,In stock
https://books.toscrape.com/catalogue/page-1.html,Â£22.65
https://books.toscrape.com/catalogue/page-1.html,In stock
https://books.toscrape.com/catalogue/page-1.html,Â£33.34
https://books.toscrape.com/catalogue/page-1.html,In stock
https://books.toscrape.com/catalogue/page-1.html,Â£17.93
https://books.toscrape.com/catalogue/page-1.html,In stock
https://books.toscrape.com/catalogue/page-1.html,Â£22.60
https://books.toscrape.com/catalogue/page-1.html,In stock
https://books.toscrape.com/catalogue/page-1.html,Â£52.15
https://books.toscrape.com/catalogue/page-1.html,In stock
https://books.toscrape.com/catalogue/page-1.html,Â£13.99
https://books.toscrape.com/catalogue/page-1.html,In stock
https://books.toscrape.com/catalogue/page-1.html,Â£20.66
https://books.toscrape.com/catalogue/page-1.html,In stock
https://books.toscrape.com/catalogue/page-1.html,Â£17.46
https://books.toscrape.com/catalogue/page-1.html,In stock
https://books.toscrape.com/catalogue/page-1.html,Â£52.29
https://books.toscrape.com/catalogue/page-1.html,In stock
https://books.toscrape.com/catalogue/page-1.html,Â£35.02
https://books.toscrape.com/catalogue/page-1.html,In stock
https://books.toscrape.com/catalogue/page-1.html,Â£57.25
https://books.toscrape.com/catalogue/page-1.html,In stock
https://books.toscrape.com/catalogue/page-1.html,Â£23.88
https://books.toscrape.com/catalogue/page-1.html,In stock
https://books.toscrape.com/catalogue/page-1.html,Â£37.59
https://books.toscrape.com/catalogue/page-1.html,In stock
https://books.toscrape.com/catalogue/page-1.html,Â£51.33
https://books.toscrape.com/catalogue/page-1.html,In stock
https://books.toscrape.com/catalogue/page-1.html,Â£45.17
https://books.toscrape.com/catalogue/page-1.html,In stock
https://quotes.toscrape.com/tag/love/,“It is better to be hated for what you are than to be loved for what you are not.”
https://quotes.toscrape.com/tag/love/,"“This life is what you make it. No matter what, you're going to mess up sometimes, it's a universal truth. But the good part is you get to decide how you're going to mess it up. Girls will be your friends - they'll act like it anyway. But just remember, some come, some go. The ones that stay with you through everything - they're your true best friends. Don't let go of them. Also remember, sisters make the best friends in the world. As for lovers, well, they'll come and go too. And baby, I hate to say it, most of them - actually pretty much all of them are going to break your heart, but you can't give up because if you give up, you'll never find your soulmate. You'll never find that half who makes you whole and that goes for everything. Just because you fail once, doesn't mean you're gonna fail at everything. Keep trying, hold on, and always, always, always believe in yourself, because if you don't, then who will, sweetie? So keep your head high, keep your chin up, and most importantly, keep smiling, because life's a beautiful thing and there's so much to smile about.”"
https://quotes.toscrape.com/tag/love/,"“You may not be her first, her last, or her only. She loved before she may love again. But if she loves you now, what else matters? She's not perfect—you aren't either, and the two of you may never be perfect together but if she can make you laugh, cause you to think twice, and admit to being human and making mistakes, hold onto her and give her the most you can. She may not be thinking about you every second of the day, but she will give you a part of her that she knows you can break—her heart. So don't hurt her, don't change her, don't analyze and don't expect more than she can give. Smile when she makes you happy, let her know when she makes you mad, and miss her when she's not there.”"
https://quotes.toscrape.com/tag/love/,"“The opposite of love is not hate, it's indifference. The opposite of art is not ugliness, it's indifference. The opposite of faith is not heresy, it's indifference. And the opposite of life is not death, it's indifference.”"
https://quotes.toscrape.com/tag/love/,"“It is not a lack of love, but a lack of friendship that makes unhappy marriages.”"
https://quotes.toscrape.com/tag/love/,"“I love you without knowing how, or when, or from where. I love you simply, without problems or pride: I love you in this way because I do not know any other way of loving but this, in which there is no I or you, so intimate that your hand upon my chest is my hand, so intimate that when I fall asleep your eyes close.”"
https://quotes.toscrape.com/tag/love/,"“If you can make a woman laugh, you can make her do anything.”"
https://quotes.toscrape.com/tag/love/,“The real lover is the man who can thrill you by kissing your forehead or smiling into your eyes or just staring into space.”
https://quotes.toscrape.com/tag/love/,"“Love does not begin and end the way we seem to think it does. Love is a battle, love is a war; love is a growing up.”"
https://quotes.toscrape.com/tag/love/,"“There is nothing I would not do for those who are really my friends. I have no notion of loving people by halves, it is not my nature.”"
